analysisDate,collectingOrg,comments,county,gtlt,parameter,result,resultUnit,sampleDate,sampleTime,labNameCode,labCompanyName,sampleDepthUnit,sampleFractionType,sampleLowerDepth,sampleType,sampleUpperDepth,stationId,stationName,statisticType,testMethodId,testMethodName
1901-01-01,MPCA Lake Monitoring Program Project,(null),Traverse,(null),Pheophytin a,4.81,ug/L,1992-09-29,17:00:00,MN00006,"Minnesota Department of Health, Public Health, Chemical Lab",m,Total,2,Sample,0,78-0025-00-101,TRAVERSE,(null),LEG_P32218,PHEOPHYTIN-A UG/L SPECTROPHOTOMETRIC ACID. METH.
1901-01-01,MPCA Lake Monitoring Program Project,(null),Traverse,< ,Pheophytin a,0.64,ug/L,1992-08-20,15:00:00,MN00006,"Minnesota Department of Health, Public Health, Chemical Lab",m,Total,2,Sample,0,78-0025-00-101,TRAVERSE,(null),LEG_P32218,PHEOPHYTIN-A UG/L SPECTROPHOTOMETRIC ACID. METH.
1901-01-01,MPCA Lake Monitoring Program Project,(null),Traverse,(null),Pheophytin a,8.97,ug/L,1992-07-21,10:00:00,MN00006,"Minnesota Department of Health, Public Health, Chemical Lab",m,Total,2,Sample,0,78-0025-00-101,TRAVERSE,(null),LEG_P32218,PHEOPHYTIN-A UG/L SPECTROPHOTOMETRIC ACID. METH.
1901-01-01,MPCA Lake Monitoring Program Project,(null),Traverse,(null),"Chlorophyll a, corrected for pheophytin",16.8,ug/L,1992-09-29,17:00:00,MN00006,"Minnesota Department of Health, Public Health, Chemical Lab",m,Total,2,Sample,0,78-0025-00-101,TRAVERSE,(null),LEG_P32211,CHLOROPHYLL-A UG/L SPECTROPHOTOMETRIC ACID. METH.
1901-01-01,MPCA Lake Monitoring Program Project,(null),Traverse,(null),"Chlorophyll a, corrected for pheophytin",82,ug/L,1992-08-20,15:00:00,MN00006,"Minnesota Department of Health, Public Health, Chemical Lab",m,Total,2,Sample,0,78-0025-00-101,TRAVERSE,(null),LEG_P32211,CHLOROPHYLL-A UG/L SPECTROPHOTOMETRIC ACID. METH.
1901-01-01,MPCA Lake Monitoring Program Project,(null),Traverse,(null),"Chlorophyll a, corrected for pheophytin",97.4,ug/L,1992-07-21,10:00:00,MN00006,"Minnesota Department of Health, Public Health, Chemical Lab",m,Total,2,Sample,0,78-0025-00-101,TRAVERSE,(null),LEG_P32211,CHLOROPHYLL-A UG/L SPECTROPHOTOMETRIC ACID. METH.
1901-01-01,MPCA Lake Monitoring Program Project,(null),Traverse,(null),Chloride,37,mg/L,1992-08-20,15:00:00,MN00006,"Minnesota Department of Health, Public Health, Chemical Lab",m,Total,2,Sample,0,78-0025-00-101,TRAVERSE,(null),LEG_P00940,"CHLORIDE,TOTAL IN WATER                MG/L"
1901-01-01,MPCA Lake Monitoring Program Project,(null),Traverse,(null),Chloride,34,mg/L,1992-07-21,10:00:00,MN00006,"Minnesota Department of Health, Public Health, Chemical Lab",m,Total,2,Sample,0,78-0025-00-101,TRAVERSE,(null),LEG_P00940,"CHLORIDE,TOTAL IN WATER                MG/L"
1901-01-01,MPCA Lake Monitoring Program Project,(null),Traverse,(null),Phosphorus as P,0.085,mg/L,1992-09-29,17:00:00,MN00006,"Minnesota Department of Health, Public Health, Chemical Lab",m,Total,2,Sample,0,78-0025-00-101,TRAVERSE,(null),LEG_P00665,"PHOSPHORUS, TOTAL (MG/L AS P)"
1901-01-01,MPCA Lake Monitoring Program Project,(null),Traverse,(null),Phosphorus as P,0.143,mg/L,1992-08-20,15:00:00,MN00006,"Minnesota Department of Health, Public Health, Chemical Lab",m,Total,2,Sample,0,78-0025-00-101,TRAVERSE,(null),LEG_P00665,"PHOSPHORUS, TOTAL (MG/L AS P)"
1901-01-01,MPCA Lake Monitoring Program Project,(null),Traverse,(null),Phosphorus as P,0.206,mg/L,1992-07-21,10:00:00,MN00006,"Minnesota Department of Health, Public Health, Chemical Lab",m,Total,2,Sample,0,78-0025-00-101,TRAVERSE,(null),LEG_P00665,"PHOSPHORUS, TOTAL (MG/L AS P)"
1901-01-01,MPCA Lake Monitoring Program Project,(null),Traverse,(null),Phosphorus as P,0.209,mg/L,1992-07-21,10:00:00,MN00006,"Minnesota Department of Health, Public Health, Chemical Lab",m,Total,(null),Sample,3,78-0025-00-101,TRAVERSE,(null),LEG_P00665,"PHOSPHORUS, TOTAL (MG/L AS P)"
1901-01-01,MPCA Lake Monitoring Program Project,(null),Traverse,(null),Inorganic nitrogen (nitrate and nitrite) as N,0.02,mg/L,1992-09-29,17:00:00,MN00006,"Minnesota Department of Health, Public Health, Chemical Lab",m,Total,2,Sample,0,78-0025-00-101,TRAVERSE,(null),LEG_P00630,"NITRITE PLUS NITRATE, TOTAL 1 DET. (MG/L AS N)"
1901-01-01,MPCA Lake Monitoring Program Project,(null),Traverse,(null),Inorganic nitrogen (nitrate and nitrite) as N,0.03,mg/L,1992-08-20,15:00:00,MN00006,"Minnesota Department of Health, Public Health, Chemical Lab",m,Total,2,Sample,0,78-0025-00-101,TRAVERSE,(null),LEG_P00630,"NITRITE PLUS NITRATE, TOTAL 1 DET. (MG/L AS N)"
1901-01-01,MPCA Lake Monitoring Program Project,(null),Traverse,(null),Inorganic nitrogen (nitrate and nitrite) as N,0.13,mg/L,1992-07-21,10:00:00,MN00006,"Minnesota Department of Health, Public Health, Chemical Lab",m,Total,2,Sample,0,78-0025-00-101,TRAVERSE,(null),LEG_P00630,"NITRITE PLUS NITRATE, TOTAL 1 DET. (MG/L AS N)"
1901-01-01,MPCA Lake Monitoring Program Project,(null),Traverse,(null),Inorganic nitrogen (nitrate and nitrite) as N,0.1,mg/L,1992-07-21,10:00:00,MN00006,"Minnesota Department of Health, Public Health, Chemical Lab",m,Total,(null),Sample,3,78-0025-00-101,TRAVERSE,(null),LEG_P00630,"NITRITE PLUS NITRATE, TOTAL 1 DET. (MG/L AS N)"
1901-01-01,MPCA Lake Monitoring Program Project,(null),Traverse,(null),Kjeldahl nitrogen as N,1.71,mg/L,1992-09-29,17:00:00,MN00006,"Minnesota Department of Health, Public Health, Chemical Lab",m,Total,2,Sample,0,78-0025-00-101,TRAVERSE,(null),LEG_P00625,"NITROGEN, KJELDAHL, TOTAL, (MG/L AS N)"
1901-01-01,MPCA Lake Monitoring Program Project,(null),Traverse,(null),Kjeldahl nitrogen as N,2.21,mg/L,1992-08-20,15:00:00,MN00006,"Minnesota Department of Health, Public Health, Chemical Lab",m,Total,2,Sample,0,78-0025-00-101,TRAVERSE,(null),LEG_P00625,"NITROGEN, KJELDAHL, TOTAL, (MG/L AS N)"
1901-01-01,MPCA Lake Monitoring Program Project,(null),Traverse,(null),Kjeldahl nitrogen as N,1.96,mg/L,1992-07-21,10:00:00,MN00006,"Minnesota Department of Health, Public Health, Chemical Lab",m,Total,2,Sample,0,78-0025-00-101,TRAVERSE,(null),LEG_P00625,"NITROGEN, KJELDAHL, TOTAL, (MG/L AS N)"
1901-01-01,MPCA Lake Monitoring Program Project,(null),Traverse,(null),Kjeldahl nitrogen as N,2.1,mg/L,1992-07-21,10:00:00,MN00006,"Minnesota Department of Health, Public Health, Chemical Lab",m,Total,(null),Sample,3,78-0025-00-101,TRAVERSE,(null),LEG_P00625,"NITROGEN, KJELDAHL, TOTAL, (MG/L AS N)"
1901-01-01,MPCA Lake Monitoring Program Project,(null),Traverse,(null),Volatile suspended solids,8.2,mg/L,1992-08-20,15:00:00,MN00006,"Minnesota Department of Health, Public Health, Chemical Lab",m,Total,2,Sample,0,78-0025-00-101,TRAVERSE,(null),LEG_P00535,"RESIDUE, VOLATILE NONFILTRABLE (MG/L)"
1901-01-01,MPCA Lake Monitoring Program Project,(null),Traverse,(null),Volatile suspended solids,7.2,mg/L,1992-07-21,10:00:00,MN00006,"Minnesota Department of Health, Public Health, Chemical Lab",m,Total,2,Sample,0,78-0025-00-101,TRAVERSE,(null),LEG_P00535,"RESIDUE, VOLATILE NONFILTRABLE (MG/L)"
1901-01-01,MPCA Lake Monitoring Program Project,(null),Traverse,(null),Total suspended solids,21,mg/L,1992-08-20,15:00:00,MN00006,"Minnesota Department of Health, Public Health, Chemical Lab",m,Total,2,Sample,0,78-0025-00-101,TRAVERSE,(null),LEG_P00530,"RESIDUE, TOTAL NONFILTRABLE (MG/L)"
1901-01-01,MPCA Lake Monitoring Program Project,(null),Traverse,(null),Total suspended solids,22,mg/L,1992-07-21,10:00:00,MN00006,"Minnesota Department of Health, Public Health, Chemical Lab",m,Total,2,Sample,0,78-0025-00-101,TRAVERSE,(null),LEG_P00530,"RESIDUE, TOTAL NONFILTRABLE (MG/L)"
1901-01-01,MPCA Lake Monitoring Program Project,(null),Traverse,(null),True color,20,PCU,1992-08-20,15:00:00,MN00006,"Minnesota Department of Health, Public Health, Chemical Lab",m,Dissolved,2,Sample,0,78-0025-00-101,TRAVERSE,(null),LEG_P00080,COLOR (PLATINUM-COBALT UNITS)
1901-01-01,MPCA Lake Monitoring Program Project,(null),Traverse,(null),True color,20,PCU,1992-07-21,10:00:00,MN00006,"Minnesota Department of Health, Public Health, Chemical Lab",m,Dissolved,2,Sample,0,78-0025-00-101,TRAVERSE,(null),LEG_P00080,COLOR (PLATINUM-COBALT UNITS)
1901-01-01,MPCA Lake Monitoring Program Project,(null),Traverse,(null),Turbidity,11,None,1992-08-20,15:00:00,MN00006,"Minnesota Department of Health, Public Health, Chemical Lab",m,Total,2,Sample,0,78-0025-00-101,TRAVERSE,(null),LEG_P00076,"TURBIDITY,HACH TURBIDIMETER (FORMAZIN TURB UNIT)"
1901-01-01,MPCA Lake Monitoring Program Project,(null),Traverse,(null),Turbidity,6.4,None,1992-07-21,10:00:00,MN00006,"Minnesota Department of Health, Public Health, Chemical Lab",m,Total,2,Sample,0,78-0025-00-101,TRAVERSE,(null),LEG_P00076,"TURBIDITY,HACH TURBIDIMETER (FORMAZIN TURB UNIT)"
1901-01-01,MPCA Lake Monitoring Program Project,(null),Traverse,(null),"Alkalinity, total as CaCO3",220,mg/L,1992-08-20,15:00:00,MN00006,"Minnesota Department of Health, Public Health, Chemical Lab",m,Total,2,Sample,0,78-0025-00-101,TRAVERSE,(null),FLD,"Field measurement/observation, generic method"
1901-01-01,MPCA Lake Monitoring Program Project,(null),Traverse,(null),"Alkalinity, total as CaCO3",250,mg/L,1992-07-21,10:00:00,MN00006,"Minnesota Department of Health, Public Health, Chemical Lab",m,Total,2,Sample,0,78-0025-00-101,TRAVERSE,(null),FLD,"Field measurement/observation, generic method"
1992-09-29,MPCA Lake Monitoring Program Project,(null),Traverse,(null),"Temperature, water",12.5,deg C,1992-09-29,17:00:00,(null),(null),m,Total,(null),FMO,2,78-0025-00-101,TRAVERSE,(null),FLD,"Field measurement/observation, generic method"
1992-09-29,MPCA Lake Monitoring Program Project,(null),Traverse,(null),Dissolved oxygen saturation,88.8889,%,1992-09-29,17:00:00,(null),(null),m,Total,(null),FMO,3,78-0025-00-101,TRAVERSE,(null),FLD,"Field measurement/observation, generic method"
1992-09-29,MPCA Lake Monitoring Program Project,(null),Traverse,(null),"Temperature, water",12.4,deg C,1992-09-29,17:00:00,(null),(null),m,Total,(null),FMO,3,78-0025-00-101,TRAVERSE,(null),FLD,"Field measurement/observation, generic method"
1992-09-29,MPCA Lake Monitoring Program Project,(null),Traverse,(null),Dissolved oxygen saturation,91.6666,%,1992-09-29,17:00:00,(null),(null),m,Total,(null),FMO,2,78-0025-00-101,TRAVERSE,(null),FLD,"Field measurement/observation, generic method"
1992-09-29,MPCA Lake Monitoring Program Project,(null),Traverse,(null),Dissolved oxygen saturation,94.3396,%,1992-09-29,17:00:00,(null),(null),m,Total,(null),FMO,1,78-0025-00-101,TRAVERSE,(null),FLD,"Field measurement/observation, generic method"
1992-09-29,MPCA Lake Monitoring Program Project,(null),Traverse,(null),"Temperature, water",12.6,deg C,1992-09-29,17:00:00,(null),(null),m,Total,(null),FMO,1,78-0025-00-101,TRAVERSE,(null),FLD,"Field measurement/observation, generic method"
1992-09-29,MPCA Lake Monitoring Program Project,(null),Traverse,(null),Dissolved oxygen saturation,97.1698,%,1992-09-29,17:00:00,(null),(null),m,Total,(null),FMO,0,78-0025-00-101,TRAVERSE,(null),FLD,"Field measurement/observation, generic method"
1992-09-29,MPCA Lake Monitoring Program Project,(null),Traverse,(null),Lake physical appearance (choice list),3.MED ALGAE,(null),1992-09-29,17:00:00,(null),(null),m,Total,(null),FMO,0,78-0025-00-101,TRAVERSE,(null),FLD,"Field measurement/observation, generic method"
1992-09-29,MPCA Lake Monitoring Program Project,(null),Traverse,(null),Lake recreational suitability (choice list),3.FAIR,(null),1992-09-29,17:00:00,(null),(null),m,Total,(null),FMO,0,78-0025-00-101,TRAVERSE,(null),FLD,"Field measurement/observation, generic method"
1992-09-29,MPCA Lake Monitoring Program Project,(null),Traverse,(null),pH,8.49,None,1992-09-29,17:00:00,(null),(null),m,Total,(null),FMO,0,78-0025-00-101,TRAVERSE,(null),FLD,"Field measurement/observation, generic method"
1992-09-29,MPCA Lake Monitoring Program Project,(null),Traverse,(null),Specific conductance,1500,uS/cm,1992-09-29,17:00:00,(null),(null),m,Total,(null),FMO,0,78-0025-00-101,TRAVERSE,(null),FLD,"Field measurement/observation, generic method"
1992-09-29,MPCA Lake Monitoring Program Project,(null),Traverse,(null),"Depth, Secchi disk depth",0.5,m,1992-09-29,17:00:00,(null),(null),m,Total,(null),FMO,0,78-0025-00-101,TRAVERSE,(null),FLD,"Field measurement/observation, generic method"
1992-09-29,MPCA Lake Monitoring Program Project,(null),Traverse,(null),"Temperature, water",12.7,deg C,1992-09-29,17:00:00,(null),(null),m,Total,(null),FMO,0,78-0025-00-101,TRAVERSE,(null),FLD,"Field measurement/observation, generic method"
1992-08-20,MPCA Lake Monitoring Program Project,(null),Traverse,(null),Dissolved oxygen saturation,109.091,%,1992-08-20,15:00:00,(null),(null),m,Total,(null),FMO,3,78-0025-00-101,TRAVERSE,(null),FLD,"Field measurement/observation, generic method"
1992-08-20,MPCA Lake Monitoring Program Project,(null),Traverse,(null),"Temperature, water",22.3,deg C,1992-08-20,15:00:00,(null),(null),m,Total,(null),FMO,3,78-0025-00-101,TRAVERSE,(null),FLD,"Field measurement/observation, generic method"
1992-08-20,MPCA Lake Monitoring Program Project,(null),Traverse,(null),Dissolved oxygen saturation,109.091,%,1992-08-20,15:00:00,(null),(null),m,Total,(null),FMO,2,78-0025-00-101,TRAVERSE,(null),FLD,"Field measurement/observation, generic method"
1992-08-20,MPCA Lake Monitoring Program Project,(null),Traverse,(null),"Temperature, water",22.3,deg C,1992-08-20,15:00:00,(null),(null),m,Total,(null),FMO,2,78-0025-00-101,TRAVERSE,(null),FLD,"Field measurement/observation, generic method"
1992-08-20,MPCA Lake Monitoring Program Project,(null),Traverse,(null),Dissolved oxygen saturation,109.091,%,1992-08-20,15:00:00,(null),(null),m,Total,(null),FMO,1,78-0025-00-101,TRAVERSE,(null),FLD,"Field measurement/observation, generic method"
1992-08-20,MPCA Lake Monitoring Program Project,(null),Traverse,(null),"Temperature, water",22.3,deg C,1992-08-20,15:00:00,(null),(null),m,Total,(null),FMO,1,78-0025-00-101,TRAVERSE,(null),FLD,"Field measurement/observation, generic method"
1992-08-20,MPCA Lake Monitoring Program Project,(null),Traverse,(null),Dissolved oxygen saturation,110.264,%,1992-08-20,15:00:00,(null),(null),m,Total,(null),FMO,0,78-0025-00-101,TRAVERSE,(null),FLD,"Field measurement/observation, generic method"
1992-08-20,MPCA Lake Monitoring Program Project,(null),Traverse,(null),Lake physical appearance (choice list),3.MED ALGAE,(null),1992-08-20,15:00:00,(null),(null),m,Total,(null),FMO,0,78-0025-00-101,TRAVERSE,(null),FLD,"Field measurement/observation, generic method"
1992-08-20,MPCA Lake Monitoring Program Project,(null),Traverse,(null),Lake recreational suitability (choice list),3.FAIR,(null),1992-08-20,15:00:00,(null),(null),m,Total,(null),FMO,0,78-0025-00-101,TRAVERSE,(null),FLD,"Field measurement/observation, generic method"
1992-08-20,MPCA Lake Monitoring Program Project,(null),Traverse,(null),pH,8.42,None,1992-08-20,15:00:00,(null),(null),m,Total,(null),FMO,0,78-0025-00-101,TRAVERSE,(null),FLD,"Field measurement/observation, generic method"
1992-08-20,MPCA Lake Monitoring Program Project,(null),Traverse,(null),Specific conductance,1500,uS/cm,1992-08-20,15:00:00,(null),(null),m,Total,(null),FMO,0,78-0025-00-101,TRAVERSE,(null),FLD,"Field measurement/observation, generic method"
1992-08-20,MPCA Lake Monitoring Program Project,(null),Traverse,(null),"Depth, Secchi disk depth",0.6,m,1992-08-20,15:00:00,(null),(null),m,Total,(null),FMO,0,78-0025-00-101,TRAVERSE,(null),FLD,"Field measurement/observation, generic method"
1992-08-20,MPCA Lake Monitoring Program Project,(null),Traverse,(null),"Temperature, water",22.3,deg C,1992-08-20,15:00:00,(null),(null),m,Total,(null),FMO,0,78-0025-00-101,TRAVERSE,(null),FLD,"Field measurement/observation, generic method"
1992-07-21,MPCA Lake Monitoring Program Project,(null),Traverse,(null),Dissolved oxygen saturation,57.7777,%,1992-07-21,10:00:00,(null),(null),m,Total,(null),FMO,3.5,78-0025-00-101,TRAVERSE,(null),FLD,"Field measurement/observation, generic method"
1992-07-21,MPCA Lake Monitoring Program Project,(null),Traverse,(null),"Temperature, water",20.7,deg C,1992-07-21,10:00:00,(null),(null),m,Total,(null),FMO,3.5,78-0025-00-101,TRAVERSE,(null),FLD,"Field measurement/observation, generic method"
1992-07-21,MPCA Lake Monitoring Program Project,(null),Traverse,(null),Dissolved oxygen saturation,100,%,1992-07-21,10:00:00,(null),(null),m,Total,(null),FMO,3,78-0025-00-101,TRAVERSE,(null),FLD,"Field measurement/observation, generic method"
1992-07-21,MPCA Lake Monitoring Program Project,(null),Traverse,(null),"Temperature, water",21.1,deg C,1992-07-21,10:00:00,(null),(null),m,Total,(null),FMO,3,78-0025-00-101,TRAVERSE,(null),FLD,"Field measurement/observation, generic method"
1992-07-21,MPCA Lake Monitoring Program Project,(null),Traverse,(null),Dissolved oxygen saturation,106.667,%,1992-07-21,10:00:00,(null),(null),m,Total,(null),FMO,2,78-0025-00-101,TRAVERSE,(null),FLD,"Field measurement/observation, generic method"
1992-07-21,MPCA Lake Monitoring Program Project,(null),Traverse,(null),"Temperature, water",21.1,deg C,1992-07-21,10:00:00,(null),(null),m,Total,(null),FMO,2,78-0025-00-101,TRAVERSE,(null),FLD,"Field measurement/observation, generic method"
1992-07-21,MPCA Lake Monitoring Program Project,(null),Traverse,(null),Dissolved oxygen saturation,107.778,%,1992-07-21,10:00:00,(null),(null),m,Total,(null),FMO,1,78-0025-00-101,TRAVERSE,(null),FLD,"Field measurement/observation, generic method"
1992-07-21,MPCA Lake Monitoring Program Project,(null),Traverse,(null),"Temperature, water",21.1,deg C,1992-07-21,10:00:00,(null),(null),m,Total,(null),FMO,1,78-0025-00-101,TRAVERSE,(null),FLD,"Field measurement/observation, generic method"
1992-07-21,MPCA Lake Monitoring Program Project,(null),Traverse,(null),pH,8.46,None,1992-07-21,10:00:00,(null),(null),m,Total,(null),FMO,0,78-0025-00-101,TRAVERSE,(null),FLD,"Field measurement/observation, generic method"
1992-07-21,MPCA Lake Monitoring Program Project,(null),Traverse,(null),Specific conductance,1500,uS/cm,1992-07-21,10:00:00,(null),(null),m,Total,(null),FMO,0,78-0025-00-101,TRAVERSE,(null),FLD,"Field measurement/observation, generic method"
1992-07-21,MPCA Lake Monitoring Program Project,(null),Traverse,(null),"Depth, Secchi disk depth",0.9,m,1992-07-21,10:00:00,(null),(null),m,Total,(null),FMO,0,78-0025-00-101,TRAVERSE,(null),FLD,"Field measurement/observation, generic method"
1992-07-21,MPCA Lake Monitoring Program Project,(null),Traverse,(null),"Temperature, water",21.1,deg C,1992-07-21,10:00:00,(null),(null),m,Total,(null),FMO,0,78-0025-00-101,TRAVERSE,(null),FLD,"Field measurement/observation, generic method"
1992-09-29,MPCA Lake Monitoring Program Project,(null),Traverse,(null),Dissolved oxygen (DO),9.6,mg/L,1992-09-29,17:00:00,(null),(null),m,Total,(null),FMO,3,78-0025-00-101,TRAVERSE,(null),DO WINKLER,"Dissolved Oxygen, Iodometric Method with Azide Modification"
1992-09-29,MPCA Lake Monitoring Program Project,(null),Traverse,(null),Dissolved oxygen (DO),9.9,mg/L,1992-09-29,17:00:00,(null),(null),m,Total,(null),FMO,2,78-0025-00-101,TRAVERSE,(null),DO WINKLER,"Dissolved Oxygen, Iodometric Method with Azide Modification"
1992-09-29,MPCA Lake Monitoring Program Project,(null),Traverse,(null),Dissolved oxygen (DO),10,mg/L,1992-09-29,17:00:00,(null),(null),m,Total,(null),FMO,1,78-0025-00-101,TRAVERSE,(null),DO WINKLER,"Dissolved Oxygen, Iodometric Method with Azide Modification"
1992-09-29,MPCA Lake Monitoring Program Project,(null),Traverse,(null),Dissolved oxygen (DO),10.3,mg/L,1992-09-29,17:00:00,(null),(null),m,Total,(null),FMO,0,78-0025-00-101,TRAVERSE,(null),DO WINKLER,"Dissolved Oxygen, Iodometric Method with Azide Modification"
1992-08-20,MPCA Lake Monitoring Program Project,(null),Traverse,(null),Dissolved oxygen (DO),9.6,mg/L,1992-08-20,15:00:00,(null),(null),m,Total,(null),FMO,3,78-0025-00-101,TRAVERSE,(null),DO WINKLER,"Dissolved Oxygen, Iodometric Method with Azide Modification"
1992-08-20,MPCA Lake Monitoring Program Project,(null),Traverse,(null),Dissolved oxygen (DO),9.6,mg/L,1992-08-20,15:00:00,(null),(null),m,Total,(null),FMO,2,78-0025-00-101,TRAVERSE,(null),DO WINKLER,"Dissolved Oxygen, Iodometric Method with Azide Modification"
1992-08-20,MPCA Lake Monitoring Program Project,(null),Traverse,(null),Dissolved oxygen (DO),9.6,mg/L,1992-08-20,15:00:00,(null),(null),m,Total,(null),FMO,1,78-0025-00-101,TRAVERSE,(null),DO WINKLER,"Dissolved Oxygen, Iodometric Method with Azide Modification"
1992-08-20,MPCA Lake Monitoring Program Project,(null),Traverse,(null),Dissolved oxygen (DO),9.7,mg/L,1992-08-20,15:00:00,(null),(null),m,Total,(null),FMO,0,78-0025-00-101,TRAVERSE,(null),DO WINKLER,"Dissolved Oxygen, Iodometric Method with Azide Modification"
1992-07-21,MPCA Lake Monitoring Program Project,(null),Traverse,(null),Dissolved oxygen (DO),5.2,mg/L,1992-07-21,10:00:00,(null),(null),m,Total,(null),FMO,3.5,78-0025-00-101,TRAVERSE,(null),DO WINKLER,"Dissolved Oxygen, Iodometric Method with Azide Modification"
1992-07-21,MPCA Lake Monitoring Program Project,(null),Traverse,(null),Dissolved oxygen (DO),9,mg/L,1992-07-21,10:00:00,(null),(null),m,Total,(null),FMO,3,78-0025-00-101,TRAVERSE,(null),DO WINKLER,"Dissolved Oxygen, Iodometric Method with Azide Modification"
1992-07-21,MPCA Lake Monitoring Program Project,(null),Traverse,(null),Dissolved oxygen (DO),9.6,mg/L,1992-07-21,10:00:00,(null),(null),m,Total,(null),FMO,2,78-0025-00-101,TRAVERSE,(null),DO WINKLER,"Dissolved Oxygen, Iodometric Method with Azide Modification"
1992-07-21,MPCA Lake Monitoring Program Project,(null),Traverse,(null),Dissolved oxygen (DO),9.7,mg/L,1992-07-21,10:00:00,(null),(null),m,Total,(null),FMO,1,78-0025-00-101,TRAVERSE,(null),DO WINKLER,"Dissolved Oxygen, Iodometric Method with Azide Modification"
1992-07-21,MPCA Lake Monitoring Program Project,(null),Traverse,(null),Dissolved oxygen (DO),9.7,mg/L,1992-07-21,10:00:00,(null),(null),m,Total,(null),FMO,0,78-0025-00-101,TRAVERSE,(null),DO WINKLER,"Dissolved Oxygen, Iodometric Method with Azide Modification"
1992-07-21,MPCA Lake Monitoring Program Project,(null),Traverse,(null),Lake recreational suitability (choice list),2.GOOD,(null),1992-07-21,10:00:00,(null),(null),m,Total,(null),FMO,0,78-0025-00-101,TRAVERSE,(null),FLD,"Field measurement/observation, generic method"
1992-07-21,MPCA Lake Monitoring Program Project,(null),Traverse,(null),Dissolved oxygen saturation,107.814,%,1992-07-21,10:00:00,(null),(null),m,Total,(null),FMO,0,78-0025-00-101,TRAVERSE,(null),FLD,"Field measurement/observation, generic method"
1992-07-21,MPCA Lake Monitoring Program Project,(null),Traverse,(null),Lake physical appearance (choice list),3.MED ALGAE,(null),1992-07-21,10:00:00,(null),(null),m,Total,(null),FMO,0,78-0025-00-101,TRAVERSE,(null),FLD,"Field measurement/observation, generic method"

